ID_Miembro,Fecha_Compra,Producto,Cantidad
1,2023-01-01,Proteína,1
2,2023-01-02,Multivitamínico,2
3,2023-01-03,BCAA,3
4,2023-01-04,Creatina,4
5,2023-01-05,Omega-3,5
6,2023-01-06,Proteína,6
7,2023-01-07,Multivitamínico,7
8,2023-01-08,BCAA,8
9,2023-01-09,Creatina,9
10,2023-01-10,Omega-3,10
11,2023-01-11,Proteína,11
12,2023-01-12,Multivitamínico,12
13,2023-01-13,BCAA,13
14,2023-01-14,Creatina,14
15,2023-01-15,Omega-3,15
16,2023-01-16,Proteína,16
17,2023-01-17,Multivitamínico,17
18,2023-01-18,BCAA,18
19,2023-01-19,Creatina,19
20,2023-01-20,Omega-3,20
21,2023-01-21,Proteína,21
22,2023-01-22,Multivitamínico,22
23,2023-01-23,BCAA,23
24,2023-01-24,Creatina,24
25,2023-01-25,Omega-3,25
26,2023-01-26,Proteína,26
27,2023-01-27,Multivitamínico,27
28,2023-01-28,BCAA,28
29,2023-01-29,Creatina,29
30,2023-01-30,Omega-3,30
31,2023-01-31,Proteína,31
32,2023-02-01,Multivitamínico,32
33,2023-02-02,BCAA,33
34,2023-02-03,Creatina,34
35,2023-02-04,Omega-3,35
36,2023-02-05,Proteína,36
37,2023-02-06,Multivitamínico,37
38,2023-02-07,BCAA,38
39,2023-02-08,Creatina,39
40,2023-02-09,Omega-3,40
41,2023-02-10,Proteína,41
42,2023-02-11,Multivitamínico,42
43,2023-02-12,BCAA,43
44,2023-02-13,Creatina,44
45,2023-02-14,Omega-3,45
46,2023-02-15,Proteína,46
47,2023-02-16,Multivitamínico,47
48,2023-02-17,BCAA,48
49,2023-02-18,Creatina,49
50,2023-02-19,Omega-3,50
51,2023-02-20,Proteína,51
52,2023-02-21,Multivitamínico,52
53,2023-02-22,BCAA,53
54,2023-02-23,Creatina,54
55,2023-02-24,Omega-3,55
56,2023-02-25,Proteína,56
57,2023-02-26,Multivitamínico,57
58,2023-02-27,BCAA,58
59,2023-02-28,Creatina,59
60,2023-03-01,Omega-3,60
61,2023-03-02,Proteína,61
62,2023-03-03,Multivitamínico,62
63,2023-03-04,BCAA,63
64,2023-03-05,Creatina,64
65,2023-03-06,Omega-3,65
66,2023-03-07,Proteína,66
67,2023-03-08,Multivitamínico,67
68,2023-03-09,BCAA,68
69,2023-03-10,Creatina,69
70,2023-03-11,Omega-3,70
71,2023-03-12,Proteína,71
72,2023-03-13,Multivitamínico,72
73,2023-03-14,BCAA,73
74,2023-03-15,Creatina,74
75,2023-03-16,Omega-3,75
76,2023-03-17,Proteína,76
77,2023-03-18,Multivitamínico,77
78,2023-03-19,BCAA,78
79,2023-03-20,Creatina,79
80,2023-03-21,Omega-3,80
81,2023-03-22,Proteína,81
82,2023-03-23,Multivitamínico,82
83,2023-03-24,BCAA,83
84,2023-03-25,Creatina,84
85,2023-03-26,Omega-3,85
86,2023-03-27,Proteína,86
87,2023-03-28,Multivitamínico,87
88,2023-03-29,BCAA,88
89,2023-03-30,Creatina,89
90,2023-03-31,Omega-3,90
91,2023-04-01,Proteína,91
92,2023-04-02,Multivitamínico,92
93,2023-04-03,BCAA,93
94,2023-04-04,Creatina,94
95,2023-04-05,Omega-3,95
96,2023-04-06,Proteína,96
97,2023-04-07,Multivitamínico,97
98,2023-04-08,BCAA,98
99,2023-04-09,Creatina,99
100,2023-04-10,Omega-3,100
101,2023-04-11,Proteína,101
102,2023-04-12,Multivitamínico,102
103,2023-04-13,BCAA,103
104,2023-04-14,Creatina,104
105,2023-04-15,Omega-3,105
106,2023-04-16,Proteína,106
107,2023-04-17,Multivitamínico,107
108,2023-04-18,BCAA,108
109,2023-04-19,Creatina,109
110,2023-04-20,Omega-3,110
111,2023-04-21,Proteína,111
112,2023-04-22,Multivitamínico,112
113,2023-04-23,BCAA,113
114,2023-04-24,Creatina,114
115,2023-04-25,Omega-3,115
116,2023-04-26,Proteína,116
117,2023-04-27,Multivitamínico,117
118,2023-04-28,BCAA,118
119,2023-04-29,Creatina,119
120,2023-04-30,Omega-3,120
121,2023-05-01,Proteína,121
122,2023-05-02,Multivitamínico,122
123,2023-05-03,BCAA,123
124,2023-05-04,Creatina,124
125,2023-05-05,Omega-3,125
126,2023-05-06,Proteína,126
127,2023-05-07,Multivitamínico,127
128,2023-05-08,BCAA,128
129,2023-05-09,Creatina,129
130,2023-05-10,Omega-3,130
131,2023-05-11,Proteína,131
132,2023-05-12,Multivitamínico,132
133,2023-05-13,BCAA,133
134,2023-05-14,Creatina,134
135,2023-05-15,Omega-3,135
136,2023-05-16,Proteína,136
137,2023-05-17,Multivitamínico,137
138,2023-05-18,BCAA,138
139,2023-05-19,Creatina,139
140,2023-05-20,Omega-3,140
141,2023-05-21,Proteína,141
142,2023-05-22,Multivitamínico,142
143,2023-05-23,BCAA,143
144,2023-05-24,Creatina,144
145,2023-05-25,Omega-3,145
146,2023-05-26,Proteína,146
147,2023-05-27,Multivitamínico,147
148,2023-05-28,BCAA,148
149,2023-05-29,Creatina,149
150,2023-05-30,Omega-3,150
151,2023-05-31,Proteína,151
152,2023-06-01,Multivitamínico,152
153,2023-06-02,BCAA,153
154,2023-06-03,Creatina,154
155,2023-06-04,Omega-3,155
156,2023-06-05,Proteína,156
157,2023-06-06,Multivitamínico,157
158,2023-06-07,BCAA,158
159,2023-06-08,Creatina,159
160,2023-06-09,Omega-3,160
161,2023-06-10,Proteína,161
162,2023-06-11,Multivitamínico,162
163,2023-06-12,BCAA,163
164,2023-06-13,Creatina,164
165,2023-06-14,Omega-3,165
166,2023-06-15,Proteína,166
167,2023-06-16,Multivitamínico,167
168,2023-06-17,BCAA,168
169,2023-06-18,Creatina,169
170,2023-06-19,Omega-3,170
171,2023-06-20,Proteína,171
172,2023-06-21,Multivitamínico,172
173,2023-06-22,BCAA,173
174,2023-06-23,Creatina,174
175,2023-06-24,Omega-3,175
176,2023-06-25,Proteína,176
177,2023-06-26,Multivitamínico,177
178,2023-06-27,BCAA,178
179,2023-06-28,Creatina,179
180,2023-06-29,Omega-3,180
181,2023-06-30,Proteína,181
182,2023-07-01,Multivitamínico,182
183,2023-07-02,BCAA,183
184,2023-07-03,Creatina,184
185,2023-07-04,Omega-3,185
186,2023-07-05,Proteína,186
187,2023-07-06,Multivitamínico,187
188,2023-07-07,BCAA,188
189,2023-07-08,Creatina,189
190,2023-07-09,Omega-3,190
191,2023-07-10,Proteína,191
192,2023-07-11,Multivitamínico,192
193,2023-07-12,BCAA,193
194,2023-07-13,Creatina,194
195,2023-07-14,Omega-3,195
196,2023-07-15,Proteína,196
197,2023-07-16,Multivitamínico,197
198,2023-07-17,BCAA,198
199,2023-07-18,Creatina,199
200,2023-07-19,Omega-3,200
201,2023-07-20,Proteína,201
202,2023-07-21,Multivitamínico,202
203,2023-07-22,BCAA,203
204,2023-07-23,Creatina,204
205,2023-07-24,Omega-3,205
206,2023-07-25,Proteína,206
207,2023-07-26,Multivitamínico,207
208,2023-07-27,BCAA,208
209,2023-07-28,Creatina,209
210,2023-07-29,Omega-3,210
211,2023-07-30,Proteína,211
212,2023-07-31,Multivitamínico,212
213,2023-08-01,BCAA,213
214,2023-08-02,Creatina,214
215,2023-08-03,Omega-3,215
216,2023-08-04,Proteína,216
217,2023-08-05,Multivitamínico,217
218,2023-08-06,BCAA,218
219,2023-08-07,Creatina,219
220,2023-08-08,Omega-3,220
221,2023-08-09,Proteína,221
222,2023-08-10,Multivitamínico,222
223,2023-08-11,BCAA,223
224,2023-08-12,Creatina,224
225,2023-08-13,Omega-3,225
226,2023-08-14,Proteína,226
227,2023-08-15,Multivitamínico,227
228,2023-08-16,BCAA,228
229,2023-08-17,Creatina,229
230,2023-08-18,Omega-3,230
231,2023-08-19,Proteína,231
232,2023-08-20,Multivitamínico,232
233,2023-08-21,BCAA,233
234,2023-08-22,Creatina,234
235,2023-08-23,Omega-3,235
236,2023-08-24,Proteína,236
237,2023-08-25,Multivitamínico,237
238,2023-08-26,BCAA,238
239,2023-08-27,Creatina,239
240,2023-08-28,Omega-3,240
241,2023-08-29,Proteína,241
242,2023-08-30,Multivitamínico,242
243,2023-08-31,BCAA,243
244,2023-09-01,Creatina,244
245,2023-09-02,Omega-3,245
246,2023-09-03,Proteína,246
247,2023-09-04,Multivitamínico,247
248,2023-09-05,BCAA,248
249,2023-09-06,Creatina,249
250,2023-09-07,Omega-3,250
251,2023-09-08,Proteína,251
252,2023-09-09,Multivitamínico,252
253,2023-09-10,BCAA,253
254,2023-09-11,Creatina,254
255,2023-09-12,Omega-3,255
256,2023-09-13,Proteína,256
257,2023-09-14,Multivitamínico,257
258,2023-09-15,BCAA,258
259,2023-09-16,Creatina,259
260,2023-09-17,Omega-3,260
261,2023-09-18,Proteína,261
262,2023-09-19,Multivitamínico,262
263,2023-09-20,BCAA,263
264,2023-09-21,Creatina,264
265,2023-09-22,Omega-3,265
266,2023-09-23,Proteína,266
267,2023-09-24,Multivitamínico,267
268,2023-09-25,BCAA,268
269,2023-09-26,Creatina,269
270,2023-09-27,Omega-3,270
271,2023-09-28,Proteína,271
272,2023-09-29,Multivitamínico,272
273,2023-09-30,BCAA,273
274,2023-10-01,Creatina,274
275,2023-10-02,Omega-3,275
276,2023-10-03,Proteína,276
277,2023-10-04,Multivitamínico,277
278,2023-10-05,BCAA,278
279,2023-10-06,Creatina,279
280,2023-10-07,Omega-3,280
281,2023-10-08,Proteína,281
282,2023-10-09,Multivitamínico,282
283,2023-10-10,BCAA,283
284,2023-10-11,Creatina,284
285,2023-10-12,Omega-3,285
286,2023-10-13,Proteína,286
287,2023-10-14,Multivitamínico,287
288,2023-10-15,BCAA,288
289,2023-10-16,Creatina,289
290,2023-10-17,Omega-3,290
291,2023-10-18,Proteína,291
292,2023-10-19,Multivitamínico,292
293,2023-10-20,BCAA,293
294,2023-10-21,Creatina,294
295,2023-10-22,Omega-3,295
296,2023-10-23,Proteína,296
297,2023-10-24,Multivitamínico,297
298,2023-10-25,BCAA,298
299,2023-10-26,Creatina,299
300,2023-10-27,Omega-3,300
301,2023-10-28,Proteína,301
302,2023-10-29,Multivitamínico,302
303,2023-10-30,BCAA,303
304,2023-10-31,Creatina,304
305,2023-11-01,Omega-3,305
306,2023-11-02,Proteína,306
307,2023-11-03,Multivitamínico,307
308,2023-11-04,BCAA,308
309,2023-11-05,Creatina,309
310,2023-11-06,Omega-3,310
311,2023-11-07,Proteína,311
312,2023-11-08,Multivitamínico,312
313,2023-11-09,BCAA,313
314,2023-11-10,Creatina,314
315,2023-11-11,Omega-3,315
316,2023-11-12,Proteína,316
317,2023-11-13,Multivitamínico,317
318,2023-11-14,BCAA,318
319,2023-11-15,Creatina,319
320,2023-11-16,Omega-3,320
321,2023-11-17,Proteína,321
322,2023-11-18,Multivitamínico,322
323,2023-11-19,BCAA,323
324,2023-11-20,Creatina,324
325,2023-11-21,Omega-3,325
326,2023-11-22,Proteína,326
327,2023-11-23,Multivitamínico,327
328,2023-11-24,BCAA,328
329,2023-11-25,Creatina,329
330,2023-11-26,Omega-3,330
331,2023-11-27,Proteína,331
332,2023-11-28,Multivitamínico,332
333,2023-11-29,BCAA,333
334,2023-11-30,Creatina,334
335,2023-12-01,Omega-3,335
336,2023-12-02,Proteína,336
337,2023-12-03,Multivitamínico,337
338,2023-12-04,BCAA,338
339,2023-12-05,Creatina,339
340,2023-12-06,Omega-3,340
341,2023-12-07,Proteína,341
342,2023-12-08,Multivitamínico,342
343,2023-12-09,BCAA,343
344,2023-12-10,Creatina,344
345,2023-12-11,Omega-3,345
346,2023-12-12,Proteína,346
347,2023-12-13,Multivitamínico,347
348,2023-12-14,BCAA,348
349,2023-12-15,Creatina,349
350,2023-12-16,Omega-3,350
351,2023-12-17,Proteína,351
352,2023-12-18,Multivitamínico,352
353,2023-12-19,BCAA,353
354,2023-12-20,Creatina,354
355,2023-12-21,Omega-3,355
356,2023-12-22,Proteína,356
357,2023-12-23,Multivitamínico,357
358,2023-12-24,BCAA,358
359,2023-12-25,Creatina,359
360,2023-12-26,Omega-3,360
361,2023-12-27,Proteína,361
362,2023-12-28,Multivitamínico,362
363,2023-12-29,BCAA,363
364,2023-12-30,Creatina,364
365,2023-12-31,Omega-3,365
366,2024-01-01,Proteína,366
367,2024-01-02,Multivitamínico,367
368,2024-01-03,BCAA,368
369,2024-01-04,Creatina,369
370,2024-01-05,Omega-3,370
371,2024-01-06,Proteína,371
372,2024-01-07,Multivitamínico,372
373,2024-01-08,BCAA,373
374,2024-01-09,Creatina,374
375,2024-01-10,Omega-3,375
376,2024-01-11,Proteína,376
377,2024-01-12,Multivitamínico,377
378,2024-01-13,BCAA,378
379,2024-01-14,Creatina,379
380,2024-01-15,Omega-3,380
381,2024-01-16,Proteína,381
382,2024-01-17,Multivitamínico,382
383,2024-01-18,BCAA,383
384,2024-01-19,Creatina,384
385,2024-01-20,Omega-3,385
386,2024-01-21,Proteína,386
387,2024-01-22,Multivitamínico,387
388,2024-01-23,BCAA,388
389,2024-01-24,Creatina,389
390,2024-01-25,Omega-3,390
391,2024-01-26,Proteína,391
392,2024-01-27,Multivitamínico,392
393,2024-01-28,BCAA,393
394,2024-01-29,Creatina,394
395,2024-01-30,Omega-3,395
396,2024-01-31,Proteína,396
397,2024-02-01,Multivitamínico,397
398,2024-02-02,BCAA,398
399,2024-02-03,Creatina,399
400,2024-02-04,Omega-3,400
401,2024-02-05,Proteína,401
402,2024-02-06,Multivitamínico,402
403,2024-02-07,BCAA,403
404,2024-02-08,Creatina,404
405,2024-02-09,Omega-3,405
406,2024-02-10,Proteína,406
407,2024-02-11,Multivitamínico,407
408,2024-02-12,BCAA,408
409,2024-02-13,Creatina,409
410,2024-02-14,Omega-3,410
411,2024-02-15,Proteína,411
412,2024-02-16,Multivitamínico,412
413,2024-02-17,BCAA,413
414,2024-02-18,Creatina,414
415,2024-02-19,Omega-3,415
416,2024-02-20,Proteína,416
417,2024-02-21,Multivitamínico,417
418,2024-02-22,BCAA,418
419,2024-02-23,Creatina,419
420,2024-02-24,Omega-3,420
421,2024-02-25,Proteína,421
422,2024-02-26,Multivitamínico,422
423,2024-02-27,BCAA,423
424,2024-02-28,Creatina,424
425,2024-02-29,Omega-3,425
426,2024-03-01,Proteína,426
427,2024-03-02,Multivitamínico,427
428,2024-03-03,BCAA,428
429,2024-03-04,Creatina,429
430,2024-03-05,Omega-3,430
431,2024-03-06,Proteína,431
432,2024-03-07,Multivitamínico,432
433,2024-03-08,BCAA,433
434,2024-03-09,Creatina,434
435,2024-03-10,Omega-3,435
436,2024-03-11,Proteína,436
437,2024-03-12,Multivitamínico,437
438,2024-03-13,BCAA,438
439,2024-03-14,Creatina,439
440,2024-03-15,Omega-3,440
441,2024-03-16,Proteína,441
442,2024-03-17,Multivitamínico,442
443,2024-03-18,BCAA,443
444,2024-03-19,Creatina,444
445,2024-03-20,Omega-3,445
446,2024-03-21,Proteína,446
447,2024-03-22,Multivitamínico,447
448,2024-03-23,BCAA,448
449,2024-03-24,Creatina,449
450,2024-03-25,Omega-3,450
451,2024-03-26,Proteína,451
452,2024-03-27,Multivitamínico,452
453,2024-03-28,BCAA,453
454,2024-03-29,Creatina,454
455,2024-03-30,Omega-3,455
456,2024-03-31,Proteína,456
457,2024-04-01,Multivitamínico,457
458,2024-04-02,BCAA,458
459,2024-04-03,Creatina,459
460,2024-04-04,Omega-3,460
461,2024-04-05,Proteína,461
462,2024-04-06,Multivitamínico,462
463,2024-04-07,BCAA,463
464,2024-04-08,Creatina,464
465,2024-04-09,Omega-3,465
466,2024-04-10,Proteína,466
467,2024-04-11,Multivitamínico,467
468,2024-04-12,BCAA,468
469,2024-04-13,Creatina,469
470,2024-04-14,Omega-3,470
471,2024-04-15,Proteína,471
472,2024-04-16,Multivitamínico,472
473,2024-04-17,BCAA,473
474,2024-04-18,Creatina,474
475,2024-04-19,Omega-3,475
476,2024-04-20,Proteína,476
477,2024-04-21,Multivitamínico,477
478,2024-04-22,BCAA,478
479,2024-04-23,Creatina,479
480,2024-04-24,Omega-3,480
481,2024-04-25,Proteína,481
482,2024-04-26,Multivitamínico,482
483,2024-04-27,BCAA,483
484,2024-04-28,Creatina,484
485,2024-04-29,Omega-3,485
486,2024-04-30,Proteína,486
487,2024-05-01,Multivitamínico,487
488,2024-05-02,BCAA,488
489,2024-05-03,Creatina,489
490,2024-05-04,Omega-3,490
491,2024-05-05,Proteína,491
492,2024-05-06,Multivitamínico,492
493,2024-05-07,BCAA,493
494,2024-05-08,Creatina,494
495,2024-05-09,Omega-3,495
496,2024-05-10,Proteína,496
497,2024-05-11,Multivitamínico,497
498,2024-05-12,BCAA,498
499,2024-05-13,Creatina,499
500,2024-05-14,Omega-3,500
501,2024-05-15,Proteína,501
502,2024-05-16,Multivitamínico,502
503,2024-05-17,BCAA,503
504,2024-05-18,Creatina,504
505,2024-05-19,Omega-3,505
506,2024-05-20,Proteína,506
507,2024-05-21,Multivitamínico,507
508,2024-05-22,BCAA,508
509,2024-05-23,Creatina,509
510,2024-05-24,Omega-3,510
511,2024-05-25,Proteína,511
512,2024-05-26,Multivitamínico,512
513,2024-05-27,BCAA,513
514,2024-05-28,Creatina,514
515,2024-05-29,Omega-3,515
516,2024-05-30,Proteína,516
517,2024-05-31,Multivitamínico,517
518,2024-06-01,BCAA,518
519,2024-06-02,Creatina,519
520,2024-06-03,Omega-3,520
521,2024-06-04,Proteína,521
522,2024-06-05,Multivitamínico,522
523,2024-06-06,BCAA,523
524,2024-06-07,Creatina,524
525,2024-06-08,Omega-3,525
526,2024-06-09,Proteína,526
527,2024-06-10,Multivitamínico,527
528,2024-06-11,BCAA,528
529,2024-06-12,Creatina,529
530,2024-06-13,Omega-3,530
531,2024-06-14,Proteína,531
532,2024-06-15,Multivitamínico,532
533,2024-06-16,BCAA,533
534,2024-06-17,Creatina,534
535,2024-06-18,Omega-3,535
536,2024-06-19,Proteína,536
537,2024-06-20,Multivitamínico,537
538,2024-06-21,BCAA,538
539,2024-06-22,Creatina,539
540,2024-06-23,Omega-3,540
541,2024-06-24,Proteína,541
542,2024-06-25,Multivitamínico,542
543,2024-06-26,BCAA,543
544,2024-06-27,Creatina,544
545,2024-06-28,Omega-3,545
546,2024-06-29,Proteína,546
547,2024-06-30,Multivitamínico,547
548,2024-07-01,BCAA,548
549,2024-07-02,Creatina,549
550,2024-07-03,Omega-3,550
551,2024-07-04,Proteína,551
552,2024-07-05,Multivitamínico,552
553,2024-07-06,BCAA,553
554,2024-07-07,Creatina,554
555,2024-07-08,Omega-3,555
556,2024-07-09,Proteína,556
557,2024-07-10,Multivitamínico,557
558,2024-07-11,BCAA,558
559,2024-07-12,Creatina,559
560,2024-07-13,Omega-3,560
561,2024-07-14,Proteína,561
562,2024-07-15,Multivitamínico,562
563,2024-07-16,BCAA,563
564,2024-07-17,Creatina,564
565,2024-07-18,Omega-3,565
566,2024-07-19,Proteína,566
567,2024-07-20,Multivitamínico,567
568,2024-07-21,BCAA,568
569,2024-07-22,Creatina,569
570,2024-07-23,Omega-3,570
571,2024-07-24,Proteína,571
572,2024-07-25,Multivitamínico,572
573,2024-07-26,BCAA,573
574,2024-07-27,Creatina,574
575,2024-07-28,Omega-3,575
576,2024-07-29,Proteína,576
577,2024-07-30,Multivitamínico,577
578,2024-07-31,BCAA,578
579,2024-08-01,Creatina,579
580,2024-08-02,Omega-3,580
581,2024-08-03,Proteína,581
582,2024-08-04,Multivitamínico,582
583,2024-08-05,BCAA,583
584,2024-08-06,Creatina,584
585,2024-08-07,Omega-3,585
586,2024-08-08,Proteína,586
587,2024-08-09,Multivitamínico,587
588,2024-08-10,BCAA,588
589,2024-08-11,Creatina,589
590,2024-08-12,Omega-3,590
591,2024-08-13,Proteína,591
592,2024-08-14,Multivitamínico,592
593,2024-08-15,BCAA,593
594,2024-08-16,Creatina,594
595,2024-08-17,Omega-3,595
596,2024-08-18,Proteína,596
597,2024-08-19,Multivitamínico,597
598,2024-08-20,BCAA,598
599,2024-08-21,Creatina,599
600,2024-08-22,Omega-3,600
601,2024-08-23,Proteína,601
602,2024-08-24,Multivitamínico,602
603,2024-08-25,BCAA,603
604,2024-08-26,Creatina,604
605,2024-08-27,Omega-3,605
606,2024-08-28,Proteína,606
607,2024-08-29,Multivitamínico,607
608,2024-08-30,BCAA,608
609,2024-08-31,Creatina,609
610,2024-09-01,Omega-3,610
611,2024-09-02,Proteína,611
612,2024-09-03,Multivitamínico,612
613,2024-09-04,BCAA,613
614,2024-09-05,Creatina,614
615,2024-09-06,Omega-3,615
616,2024-09-07,Proteína,616
617,2024-09-08,Multivitamínico,617
618,2024-09-09,BCAA,618
619,2024-09-10,Creatina,619
620,2024-09-11,Omega-3,620
621,2024-09-12,Proteína,621
622,2024-09-13,Multivitamínico,622
623,2024-09-14,BCAA,623
624,2024-09-15,Creatina,624
625,2024-09-16,Omega-3,625
626,2024-09-17,Proteína,626
627,2024-09-18,Multivitamínico,627
628,2024-09-19,BCAA,628
629,2024-09-20,Creatina,629
630,2024-09-21,Omega-3,630
631,2024-09-22,Proteína,631
632,2024-09-23,Multivitamínico,632
633,2024-09-24,BCAA,633
634,2024-09-25,Creatina,634
635,2024-09-26,Omega-3,635
636,2024-09-27,Proteína,636
637,2024-09-28,Multivitamínico,637
638,2024-09-29,BCAA,638
639,2024-09-30,Creatina,639
640,2024-10-01,Omega-3,640
641,2024-10-02,Proteína,641
642,2024-10-03,Multivitamínico,642
643,2024-10-04,BCAA,643
644,2024-10-05,Creatina,644
645,2024-10-06,Omega-3,645
646,2024-10-07,Proteína,646
647,2024-10-08,Multivitamínico,647
648,2024-10-09,BCAA,648
649,2024-10-10,Creatina,649
650,2024-10-11,Omega-3,650
651,2024-10-12,Proteína,651
652,2024-10-13,Multivitamínico,652
653,2024-10-14,BCAA,653
654,2024-10-15,Creatina,654
655,2024-10-16,Omega-3,655
656,2024-10-17,Proteína,656
657,2024-10-18,Multivitamínico,657
658,2024-10-19,BCAA,658
659,2024-10-20,Creatina,659
660,2024-10-21,Omega-3,660
661,2024-10-22,Proteína,661
662,2024-10-23,Multivitamínico,662
663,2024-10-24,BCAA,663
664,2024-10-25,Creatina,664
665,2024-10-26,Omega-3,665
666,2024-10-27,Proteína,666
667,2024-10-28,Multivitamínico,667
668,2024-10-29,BCAA,668
669,2024-10-30,Creatina,669
670,2024-10-31,Omega-3,670
671,2024-11-01,Proteína,671
672,2024-11-02,Multivitamínico,672
673,2024-11-03,BCAA,673
674,2024-11-04,Creatina,674
675,2024-11-05,Omega-3,675
676,2024-11-06,Proteína,676
677,2024-11-07,Multivitamínico,677
678,2024-11-08,BCAA,678
679,2024-11-09,Creatina,679
680,2024-11-10,Omega-3,680
681,2024-11-11,Proteína,681
682,2024-11-12,Multivitamínico,682
683,2024-11-13,BCAA,683
684,2024-11-14,Creatina,684
685,2024-11-15,Omega-3,685
686,2024-11-16,Proteína,686
687,2024-11-17,Multivitamínico,687
688,2024-11-18,BCAA,688
689,2024-11-19,Creatina,689
690,2024-11-20,Omega-3,690
691,2024-11-21,Proteína,691
692,2024-11-22,Multivitamínico,692
693,2024-11-23,BCAA,693
694,2024-11-24,Creatina,694
695,2024-11-25,Omega-3,695
696,2024-11-26,Proteína,696
697,2024-11-27,Multivitamínico,697
698,2024-11-28,BCAA,698
699,2024-11-29,Creatina,699
700,2024-11-30,Omega-3,700
701,2024-12-01,Proteína,701
702,2024-12-02,Multivitamínico,702
703,2024-12-03,BCAA,703
704,2024-12-04,Creatina,704
705,2024-12-05,Omega-3,705
706,2024-12-06,Proteína,706
707,2024-12-07,Multivitamínico,707
708,2024-12-08,BCAA,708
709,2024-12-09,Creatina,709
710,2024-12-10,Omega-3,710
711,2024-12-11,Proteína,711
712,2024-12-12,Multivitamínico,712
713,2024-12-13,BCAA,713
714,2024-12-14,Creatina,714
715,2024-12-15,Omega-3,715
716,2024-12-16,Proteína,716
717,2024-12-17,Multivitamínico,717
718,2024-12-18,BCAA,718
719,2024-12-19,Creatina,719
720,2024-12-20,Omega-3,720
721,2024-12-21,Proteína,721
722,2024-12-22,Multivitamínico,722
723,2024-12-23,BCAA,723
724,2024-12-24,Creatina,724
725,2024-12-25,Omega-3,725
726,2024-12-26,Proteína,726
727,2024-12-27,Multivitamínico,727
728,2024-12-28,BCAA,728
729,2024-12-29,Creatina,729
730,2024-12-30,Omega-3,730
731,2024-12-31,Proteína,731
732,2025-01-01,Multivitamínico,732
733,2025-01-02,BCAA,733
734,2025-01-03,Creatina,734
735,2025-01-04,Omega-3,735
736,2025-01-05,Proteína,736
737,2025-01-06,Multivitamínico,737
738,2025-01-07,BCAA,738
739,2025-01-08,Creatina,739
740,2025-01-09,Omega-3,740
741,2025-01-10,Proteína,741
742,2025-01-11,Multivitamínico,742
743,2025-01-12,BCAA,743
744,2025-01-13,Creatina,744
745,2025-01-14,Omega-3,745
746,2025-01-15,Proteína,746
747,2025-01-16,Multivitamínico,747
748,2025-01-17,BCAA,748
749,2025-01-18,Creatina,749
750,2025-01-19,Omega-3,750
751,2025-01-20,Proteína,751
752,2025-01-21,Multivitamínico,752
753,2025-01-22,BCAA,753
754,2025-01-23,Creatina,754
755,2025-01-24,Omega-3,755
756,2025-01-25,Proteína,756
757,2025-01-26,Multivitamínico,757
758,2025-01-27,BCAA,758
759,2025-01-28,Creatina,759
760,2025-01-29,Omega-3,760
761,2025-01-30,Proteína,761
762,2025-01-31,Multivitamínico,762
763,2025-02-01,BCAA,763
764,2025-02-02,Creatina,764
765,2025-02-03,Omega-3,765
766,2025-02-04,Proteína,766
767,2025-02-05,Multivitamínico,767
768,2025-02-06,BCAA,768
769,2025-02-07,Creatina,769
770,2025-02-08,Omega-3,770
771,2025-02-09,Proteína,771
772,2025-02-10,Multivitamínico,772
773,2025-02-11,BCAA,773
774,2025-02-12,Creatina,774
775,2025-02-13,Omega-3,775
776,2025-02-14,Proteína,776
777,2025-02-15,Multivitamínico,777
778,2025-02-16,BCAA,778
779,2025-02-17,Creatina,779
780,2025-02-18,Omega-3,780
781,2025-02-19,Proteína,781
782,2025-02-20,Multivitamínico,782
783,2025-02-21,BCAA,783
784,2025-02-22,Creatina,784
785,2025-02-23,Omega-3,785
786,2025-02-24,Proteína,786
787,2025-02-25,Multivitamínico,787
788,2025-02-26,BCAA,788
789,2025-02-27,Creatina,789
790,2025-02-28,Omega-3,790
791,2025-03-01,Proteína,791
792,2025-03-02,Multivitamínico,792
793,2025-03-03,BCAA,793
794,2025-03-04,Creatina,794
795,2025-03-05,Omega-3,795
796,2025-03-06,Proteína,796
797,2025-03-07,Multivitamínico,797
798,2025-03-08,BCAA,798
799,2025-03-09,Creatina,799
800,2025-03-10,Omega-3,800
801,2025-03-11,Proteína,801
802,2025-03-12,Multivitamínico,802
803,2025-03-13,BCAA,803
804,2025-03-14,Creatina,804
805,2025-03-15,Omega-3,805
806,2025-03-16,Proteína,806
807,2025-03-17,Multivitamínico,807
808,2025-03-18,BCAA,808
809,2025-03-19,Creatina,809
810,2025-03-20,Omega-3,810
811,2025-03-21,Proteína,811
812,2025-03-22,Multivitamínico,812
813,2025-03-23,BCAA,813
814,2025-03-24,Creatina,814
815,2025-03-25,Omega-3,815
816,2025-03-26,Proteína,816
817,2025-03-27,Multivitamínico,817
818,2025-03-28,BCAA,818
819,2025-03-29,Creatina,819
820,2025-03-30,Omega-3,820
821,2025-03-31,Proteína,821
822,2025-04-01,Multivitamínico,822
823,2025-04-02,BCAA,823
824,2025-04-03,Creatina,824
825,2025-04-04,Omega-3,825
826,2025-04-05,Proteína,826
827,2025-04-06,Multivitamínico,827
828,2025-04-07,BCAA,828
829,2025-04-08,Creatina,829
830,2025-04-09,Omega-3,830
831,2025-04-10,Proteína,831
832,2025-04-11,Multivitamínico,832
833,2025-04-12,BCAA,833
834,2025-04-13,Creatina,834
835,2025-04-14,Omega-3,835
836,2025-04-15,Proteína,836
837,2025-04-16,Multivitamínico,837
838,2025-04-17,BCAA,838
839,2025-04-18,Creatina,839
840,2025-04-19,Omega-3,840
841,2025-04-20,Proteína,841
842,2025-04-21,Multivitamínico,842
843,2025-04-22,BCAA,843
844,2025-04-23,Creatina,844
845,2025-04-24,Omega-3,845
846,2025-04-25,Proteína,846
847,2025-04-26,Multivitamínico,847
848,2025-04-27,BCAA,848
849,2025-04-28,Creatina,849
850,2025-04-29,Omega-3,850
851,2025-04-30,Proteína,851
852,2025-05-01,Multivitamínico,852
853,2025-05-02,BCAA,853
854,2025-05-03,Creatina,854
855,2025-05-04,Omega-3,855
856,2025-05-05,Proteína,856
857,2025-05-06,Multivitamínico,857
858,2025-05-07,BCAA,858
859,2025-05-08,Creatina,859
860,2025-05-09,Omega-3,860
861,2025-05-10,Proteína,861
862,2025-05-11,Multivitamínico,862
863,2025-05-12,BCAA,863
864,2025-05-13,Creatina,864
865,2025-05-14,Omega-3,865
866,2025-05-15,Proteína,866
867,2025-05-16,Multivitamínico,867
868,2025-05-17,BCAA,868
869,2025-05-18,Creatina,869
870,2025-05-19,Omega-3,870
871,2025-05-20,Proteína,871
872,2025-05-21,Multivitamínico,872
873,2025-05-22,BCAA,873
874,2025-05-23,Creatina,874
875,2025-05-24,Omega-3,875
876,2025-05-25,Proteína,876
877,2025-05-26,Multivitamínico,877
878,2025-05-27,BCAA,878
879,2025-05-28,Creatina,879
880,2025-05-29,Omega-3,880
881,2025-05-30,Proteína,881
882,2025-05-31,Multivitamínico,882
883,2025-06-01,BCAA,883
884,2025-06-02,Creatina,884
885,2025-06-03,Omega-3,885
886,2025-06-04,Proteína,886
887,2025-06-05,Multivitamínico,887
888,2025-06-06,BCAA,888
889,2025-06-07,Creatina,889
890,2025-06-08,Omega-3,890
891,2025-06-09,Proteína,891
892,2025-06-10,Multivitamínico,892
893,2025-06-11,BCAA,893
894,2025-06-12,Creatina,894
895,2025-06-13,Omega-3,895
896,2025-06-14,Proteína,896
897,2025-06-15,Multivitamínico,897
898,2025-06-16,BCAA,898
899,2025-06-17,Creatina,899
900,2025-06-18,Omega-3,900
901,2025-06-19,Proteína,901
902,2025-06-20,Multivitamínico,902
903,2025-06-21,BCAA,903
904,2025-06-22,Creatina,904
905,2025-06-23,Omega-3,905
906,2025-06-24,Proteína,906
907,2025-06-25,Multivitamínico,907
908,2025-06-26,BCAA,908
909,2025-06-27,Creatina,909
910,2025-06-28,Omega-3,910
911,2025-06-29,Proteína,911
912,2025-06-30,Multivitamínico,912
913,2025-07-01,BCAA,913
914,2025-07-02,Creatina,914
915,2025-07-03,Omega-3,915
916,2025-07-04,Proteína,916
917,2025-07-05,Multivitamínico,917
918,2025-07-06,BCAA,918
919,2025-07-07,Creatina,919
920,2025-07-08,Omega-3,920
921,2025-07-09,Proteína,921
922,2025-07-10,Multivitamínico,922
923,2025-07-11,BCAA,923
924,2025-07-12,Creatina,924
925,2025-07-13,Omega-3,925
926,2025-07-14,Proteína,926
927,2025-07-15,Multivitamínico,927
928,2025-07-16,BCAA,928
929,2025-07-17,Creatina,929
930,2025-07-18,Omega-3,930
931,2025-07-19,Proteína,931
932,2025-07-20,Multivitamínico,932
933,2025-07-21,BCAA,933
934,2025-07-22,Creatina,934
935,2025-07-23,Omega-3,935
936,2025-07-24,Proteína,936
937,2025-07-25,Multivitamínico,937
938,2025-07-26,BCAA,938
939,2025-07-27,Creatina,939
940,2025-07-28,Omega-3,940
941,2025-07-29,Proteína,941
942,2025-07-30,Multivitamínico,942
943,2025-07-31,BCAA,943
944,2025-08-01,Creatina,944
945,2025-08-02,Omega-3,945
946,2025-08-03,Proteína,946
947,2025-08-04,Multivitamínico,947
948,2025-08-05,BCAA,948
949,2025-08-06,Creatina,949
950,2025-08-07,Omega-3,950
951,2025-08-08,Proteína,951
952,2025-08-09,Multivitamínico,952
953,2025-08-10,BCAA,953
954,2025-08-11,Creatina,954
955,2025-08-12,Omega-3,955
956,2025-08-13,Proteína,956
957,2025-08-14,Multivitamínico,957
958,2025-08-15,BCAA,958
959,2025-08-16,Creatina,959
960,2025-08-17,Omega-3,960
961,2025-08-18,Proteína,961
962,2025-08-19,Multivitamínico,962
963,2025-08-20,BCAA,963
964,2025-08-21,Creatina,964
965,2025-08-22,Omega-3,965
966,2025-08-23,Proteína,966
967,2025-08-24,Multivitamínico,967
968,2025-08-25,BCAA,968
969,2025-08-26,Creatina,969
970,2025-08-27,Omega-3,970
971,2025-08-28,Proteína,971
972,2025-08-29,Multivitamínico,972
973,2025-08-30,BCAA,973
974,2025-08-31,Creatina,974
975,2025-09-01,Omega-3,975
976,2025-09-02,Proteína,976
977,2025-09-03,Multivitamínico,977
978,2025-09-04,BCAA,978
979,2025-09-05,Creatina,979
980,2025-09-06,Omega-3,980
981,2025-09-07,Proteína,981
982,2025-09-08,Multivitamínico,982
983,2025-09-09,BCAA,983
984,2025-09-10,Creatina,984
985,2025-09-11,Omega-3,985
986,2025-09-12,Proteína,986
987,2025-09-13,Multivitamínico,987
988,2025-09-14,BCAA,988
989,2025-09-15,Creatina,989
990,2025-09-16,Omega-3,990
991,2025-09-17,Proteína,991
992,2025-09-18,Multivitamínico,992
993,2025-09-19,BCAA,993
994,2025-09-20,Creatina,994
995,2025-09-21,Omega-3,995
996,2025-09-22,Proteína,996
997,2025-09-23,Multivitamínico,997
998,2025-09-24,BCAA,998
999,2025-09-25,Creatina,999
1000,2025-09-26,Omega-3,1000
