ID_Miembro,Fecha_Inicio_Objetivo,Fecha_Fin_Objetivo,Objetivo_Logrado
1,2023-01-01,2023-01-31,Sí
2,2023-01-02,2023-02-01,No
3,2023-01-03,2023-02-02,Sí
4,2023-01-04,2023-02-03,No
5,2023-01-05,2023-02-04,Sí
6,2023-01-06,2023-02-05,No
7,2023-01-07,2023-02-06,Sí
8,2023-01-08,2023-02-07,No
9,2023-01-09,2023-02-08,Sí
10,2023-01-10,2023-02-09,No
11,2023-01-11,2023-02-10,Sí
12,2023-01-12,2023-02-11,No
13,2023-01-13,2023-02-12,Sí
14,2023-01-14,2023-02-13,No
15,2023-01-15,2023-02-14,Sí
16,2023-01-16,2023-02-15,No
17,2023-01-17,2023-02-16,Sí
18,2023-01-18,2023-02-17,No
19,2023-01-19,2023-02-18,Sí
20,2023-01-20,2023-02-19,No
21,2023-01-21,2023-02-20,Sí
22,2023-01-22,2023-02-21,No
23,2023-01-23,2023-02-22,Sí
24,2023-01-24,2023-02-23,No
25,2023-01-25,2023-02-24,Sí
26,2023-01-26,2023-02-25,No
27,2023-01-27,2023-02-26,Sí
28,2023-01-28,2023-02-27,No
29,2023-01-29,2023-02-28,Sí
30,2023-01-30,2023-03-01,No
31,2023-01-31,2023-03-02,Sí
32,2023-02-01,2023-03-03,No
33,2023-02-02,2023-03-04,Sí
34,2023-02-03,2023-03-05,No
35,2023-02-04,2023-03-06,Sí
36,2023-02-05,2023-03-07,No
37,2023-02-06,2023-03-08,Sí
38,2023-02-07,2023-03-09,No
39,2023-02-08,2023-03-10,Sí
40,2023-02-09,2023-03-11,No
41,2023-02-10,2023-03-12,Sí
42,2023-02-11,2023-03-13,No
43,2023-02-12,2023-03-14,Sí
44,2023-02-13,2023-03-15,No
45,2023-02-14,2023-03-16,Sí
46,2023-02-15,2023-03-17,No
47,2023-02-16,2023-03-18,Sí
48,2023-02-17,2023-03-19,No
49,2023-02-18,2023-03-20,Sí
50,2023-02-19,2023-03-21,No
51,2023-02-20,2023-03-22,Sí
52,2023-02-21,2023-03-23,No
53,2023-02-22,2023-03-24,Sí
54,2023-02-23,2023-03-25,No
55,2023-02-24,2023-03-26,Sí
56,2023-02-25,2023-03-27,No
57,2023-02-26,2023-03-28,Sí
58,2023-02-27,2023-03-29,No
59,2023-02-28,2023-03-30,Sí
60,2023-03-01,2023-03-31,No
61,2023-03-02,2023-04-01,Sí
62,2023-03-03,2023-04-02,No
63,2023-03-04,2023-04-03,Sí
64,2023-03-05,2023-04-04,No
65,2023-03-06,2023-04-05,Sí
66,2023-03-07,2023-04-06,No
67,2023-03-08,2023-04-07,Sí
68,2023-03-09,2023-04-08,No
69,2023-03-10,2023-04-09,Sí
70,2023-03-11,2023-04-10,No
71,2023-03-12,2023-04-11,Sí
72,2023-03-13,2023-04-12,No
73,2023-03-14,2023-04-13,Sí
74,2023-03-15,2023-04-14,No
75,2023-03-16,2023-04-15,Sí
76,2023-03-17,2023-04-16,No
77,2023-03-18,2023-04-17,Sí
78,2023-03-19,2023-04-18,No
79,2023-03-20,2023-04-19,Sí
80,2023-03-21,2023-04-20,No
81,2023-03-22,2023-04-21,Sí
82,2023-03-23,2023-04-22,No
83,2023-03-24,2023-04-23,Sí
84,2023-03-25,2023-04-24,No
85,2023-03-26,2023-04-25,Sí
86,2023-03-27,2023-04-26,No
87,2023-03-28,2023-04-27,Sí
88,2023-03-29,2023-04-28,No
89,2023-03-30,2023-04-29,Sí
90,2023-03-31,2023-04-30,No
91,2023-04-01,2023-05-01,Sí
92,2023-04-02,2023-05-02,No
93,2023-04-03,2023-05-03,Sí
94,2023-04-04,2023-05-04,No
95,2023-04-05,2023-05-05,Sí
96,2023-04-06,2023-05-06,No
97,2023-04-07,2023-05-07,Sí
98,2023-04-08,2023-05-08,No
99,2023-04-09,2023-05-09,Sí
100,2023-04-10,2023-05-10,No
101,2023-04-11,2023-05-11,Sí
102,2023-04-12,2023-05-12,No
103,2023-04-13,2023-05-13,Sí
104,2023-04-14,2023-05-14,No
105,2023-04-15,2023-05-15,Sí
106,2023-04-16,2023-05-16,No
107,2023-04-17,2023-05-17,Sí
108,2023-04-18,2023-05-18,No
109,2023-04-19,2023-05-19,Sí
110,2023-04-20,2023-05-20,No
111,2023-04-21,2023-05-21,Sí
112,2023-04-22,2023-05-22,No
113,2023-04-23,2023-05-23,Sí
114,2023-04-24,2023-05-24,No
115,2023-04-25,2023-05-25,Sí
116,2023-04-26,2023-05-26,No
117,2023-04-27,2023-05-27,Sí
118,2023-04-28,2023-05-28,No
119,2023-04-29,2023-05-29,Sí
120,2023-04-30,2023-05-30,No
121,2023-05-01,2023-05-31,Sí
122,2023-05-02,2023-06-01,No
123,2023-05-03,2023-06-02,Sí
124,2023-05-04,2023-06-03,No
125,2023-05-05,2023-06-04,Sí
126,2023-05-06,2023-06-05,No
127,2023-05-07,2023-06-06,Sí
128,2023-05-08,2023-06-07,No
129,2023-05-09,2023-06-08,Sí
130,2023-05-10,2023-06-09,No
131,2023-05-11,2023-06-10,Sí
132,2023-05-12,2023-06-11,No
133,2023-05-13,2023-06-12,Sí
134,2023-05-14,2023-06-13,No
135,2023-05-15,2023-06-14,Sí
136,2023-05-16,2023-06-15,No
137,2023-05-17,2023-06-16,Sí
138,2023-05-18,2023-06-17,No
139,2023-05-19,2023-06-18,Sí
140,2023-05-20,2023-06-19,No
141,2023-05-21,2023-06-20,Sí
142,2023-05-22,2023-06-21,No
143,2023-05-23,2023-06-22,Sí
144,2023-05-24,2023-06-23,No
145,2023-05-25,2023-06-24,Sí
146,2023-05-26,2023-06-25,No
147,2023-05-27,2023-06-26,Sí
148,2023-05-28,2023-06-27,No
149,2023-05-29,2023-06-28,Sí
150,2023-05-30,2023-06-29,No
151,2023-05-31,2023-06-30,Sí
152,2023-06-01,2023-07-01,No
153,2023-06-02,2023-07-02,Sí
154,2023-06-03,2023-07-03,No
155,2023-06-04,2023-07-04,Sí
156,2023-06-05,2023-07-05,No
157,2023-06-06,2023-07-06,Sí
158,2023-06-07,2023-07-07,No
159,2023-06-08,2023-07-08,Sí
160,2023-06-09,2023-07-09,No
161,2023-06-10,2023-07-10,Sí
162,2023-06-11,2023-07-11,No
163,2023-06-12,2023-07-12,Sí
164,2023-06-13,2023-07-13,No
165,2023-06-14,2023-07-14,Sí
166,2023-06-15,2023-07-15,No
167,2023-06-16,2023-07-16,Sí
168,2023-06-17,2023-07-17,No
169,2023-06-18,2023-07-18,Sí
170,2023-06-19,2023-07-19,No
171,2023-06-20,2023-07-20,Sí
172,2023-06-21,2023-07-21,No
173,2023-06-22,2023-07-22,Sí
174,2023-06-23,2023-07-23,No
175,2023-06-24,2023-07-24,Sí
176,2023-06-25,2023-07-25,No
177,2023-06-26,2023-07-26,Sí
178,2023-06-27,2023-07-27,No
179,2023-06-28,2023-07-28,Sí
180,2023-06-29,2023-07-29,No
181,2023-06-30,2023-07-30,Sí
182,2023-07-01,2023-07-31,No
183,2023-07-02,2023-08-01,Sí
184,2023-07-03,2023-08-02,No
185,2023-07-04,2023-08-03,Sí
186,2023-07-05,2023-08-04,No
187,2023-07-06,2023-08-05,Sí
188,2023-07-07,2023-08-06,No
189,2023-07-08,2023-08-07,Sí
190,2023-07-09,2023-08-08,No
191,2023-07-10,2023-08-09,Sí
192,2023-07-11,2023-08-10,No
193,2023-07-12,2023-08-11,Sí
194,2023-07-13,2023-08-12,No
195,2023-07-14,2023-08-13,Sí
196,2023-07-15,2023-08-14,No
197,2023-07-16,2023-08-15,Sí
198,2023-07-17,2023-08-16,No
199,2023-07-18,2023-08-17,Sí
200,2023-07-19,2023-08-18,No
201,2023-07-20,2023-08-19,Sí
202,2023-07-21,2023-08-20,No
203,2023-07-22,2023-08-21,Sí
204,2023-07-23,2023-08-22,No
205,2023-07-24,2023-08-23,Sí
206,2023-07-25,2023-08-24,No
207,2023-07-26,2023-08-25,Sí
208,2023-07-27,2023-08-26,No
209,2023-07-28,2023-08-27,Sí
210,2023-07-29,2023-08-28,No
211,2023-07-30,2023-08-29,Sí
212,2023-07-31,2023-08-30,No
213,2023-08-01,2023-08-31,Sí
214,2023-08-02,2023-09-01,No
215,2023-08-03,2023-09-02,Sí
216,2023-08-04,2023-09-03,No
217,2023-08-05,2023-09-04,Sí
218,2023-08-06,2023-09-05,No
219,2023-08-07,2023-09-06,Sí
220,2023-08-08,2023-09-07,No
221,2023-08-09,2023-09-08,Sí
222,2023-08-10,2023-09-09,No
223,2023-08-11,2023-09-10,Sí
224,2023-08-12,2023-09-11,No
225,2023-08-13,2023-09-12,Sí
226,2023-08-14,2023-09-13,No
227,2023-08-15,2023-09-14,Sí
228,2023-08-16,2023-09-15,No
229,2023-08-17,2023-09-16,Sí
230,2023-08-18,2023-09-17,No
231,2023-08-19,2023-09-18,Sí
232,2023-08-20,2023-09-19,No
233,2023-08-21,2023-09-20,Sí
234,2023-08-22,2023-09-21,No
235,2023-08-23,2023-09-22,Sí
236,2023-08-24,2023-09-23,No
237,2023-08-25,2023-09-24,Sí
238,2023-08-26,2023-09-25,No
239,2023-08-27,2023-09-26,Sí
240,2023-08-28,2023-09-27,No
241,2023-08-29,2023-09-28,Sí
242,2023-08-30,2023-09-29,No
243,2023-08-31,2023-09-30,Sí
244,2023-09-01,2023-10-01,No
245,2023-09-02,2023-10-02,Sí
246,2023-09-03,2023-10-03,No
247,2023-09-04,2023-10-04,Sí
248,2023-09-05,2023-10-05,No
249,2023-09-06,2023-10-06,Sí
250,2023-09-07,2023-10-07,No
251,2023-09-08,2023-10-08,Sí
252,2023-09-09,2023-10-09,No
253,2023-09-10,2023-10-10,Sí
254,2023-09-11,2023-10-11,No
255,2023-09-12,2023-10-12,Sí
256,2023-09-13,2023-10-13,No
257,2023-09-14,2023-10-14,Sí
258,2023-09-15,2023-10-15,No
259,2023-09-16,2023-10-16,Sí
260,2023-09-17,2023-10-17,No
261,2023-09-18,2023-10-18,Sí
262,2023-09-19,2023-10-19,No
263,2023-09-20,2023-10-20,Sí
264,2023-09-21,2023-10-21,No
265,2023-09-22,2023-10-22,Sí
266,2023-09-23,2023-10-23,No
267,2023-09-24,2023-10-24,Sí
268,2023-09-25,2023-10-25,No
269,2023-09-26,2023-10-26,Sí
270,2023-09-27,2023-10-27,No
271,2023-09-28,2023-10-28,Sí
272,2023-09-29,2023-10-29,No
273,2023-09-30,2023-10-30,Sí
274,2023-10-01,2023-10-31,No
275,2023-10-02,2023-11-01,Sí
276,2023-10-03,2023-11-02,No
277,2023-10-04,2023-11-03,Sí
278,2023-10-05,2023-11-04,No
279,2023-10-06,2023-11-05,Sí
280,2023-10-07,2023-11-06,No
281,2023-10-08,2023-11-07,Sí
282,2023-10-09,2023-11-08,No
283,2023-10-10,2023-11-09,Sí
284,2023-10-11,2023-11-10,No
285,2023-10-12,2023-11-11,Sí
286,2023-10-13,2023-11-12,No
287,2023-10-14,2023-11-13,Sí
288,2023-10-15,2023-11-14,No
289,2023-10-16,2023-11-15,Sí
290,2023-10-17,2023-11-16,No
291,2023-10-18,2023-11-17,Sí
292,2023-10-19,2023-11-18,No
293,2023-10-20,2023-11-19,Sí
294,2023-10-21,2023-11-20,No
295,2023-10-22,2023-11-21,Sí
296,2023-10-23,2023-11-22,No
297,2023-10-24,2023-11-23,Sí
298,2023-10-25,2023-11-24,No
299,2023-10-26,2023-11-25,Sí
300,2023-10-27,2023-11-26,No
301,2023-10-28,2023-11-27,Sí
302,2023-10-29,2023-11-28,No
303,2023-10-30,2023-11-29,Sí
304,2023-10-31,2023-11-30,No
305,2023-11-01,2023-12-01,Sí
306,2023-11-02,2023-12-02,No
307,2023-11-03,2023-12-03,Sí
308,2023-11-04,2023-12-04,No
309,2023-11-05,2023-12-05,Sí
310,2023-11-06,2023-12-06,No
311,2023-11-07,2023-12-07,Sí
312,2023-11-08,2023-12-08,No
313,2023-11-09,2023-12-09,Sí
314,2023-11-10,2023-12-10,No
315,2023-11-11,2023-12-11,Sí
316,2023-11-12,2023-12-12,No
317,2023-11-13,2023-12-13,Sí
318,2023-11-14,2023-12-14,No
319,2023-11-15,2023-12-15,Sí
320,2023-11-16,2023-12-16,No
321,2023-11-17,2023-12-17,Sí
322,2023-11-18,2023-12-18,No
323,2023-11-19,2023-12-19,Sí
324,2023-11-20,2023-12-20,No
325,2023-11-21,2023-12-21,Sí
326,2023-11-22,2023-12-22,No
327,2023-11-23,2023-12-23,Sí
328,2023-11-24,2023-12-24,No
329,2023-11-25,2023-12-25,Sí
330,2023-11-26,2023-12-26,No
331,2023-11-27,2023-12-27,Sí
332,2023-11-28,2023-12-28,No
333,2023-11-29,2023-12-29,Sí
334,2023-11-30,2023-12-30,No
335,2023-12-01,2023-12-31,Sí
336,2023-12-02,2024-01-01,No
337,2023-12-03,2024-01-02,Sí
338,2023-12-04,2024-01-03,No
339,2023-12-05,2024-01-04,Sí
340,2023-12-06,2024-01-05,No
341,2023-12-07,2024-01-06,Sí
342,2023-12-08,2024-01-07,No
343,2023-12-09,2024-01-08,Sí
344,2023-12-10,2024-01-09,No
345,2023-12-11,2024-01-10,Sí
346,2023-12-12,2024-01-11,No
347,2023-12-13,2024-01-12,Sí
348,2023-12-14,2024-01-13,No
349,2023-12-15,2024-01-14,Sí
350,2023-12-16,2024-01-15,No
351,2023-12-17,2024-01-16,Sí
352,2023-12-18,2024-01-17,No
353,2023-12-19,2024-01-18,Sí
354,2023-12-20,2024-01-19,No
355,2023-12-21,2024-01-20,Sí
356,2023-12-22,2024-01-21,No
357,2023-12-23,2024-01-22,Sí
358,2023-12-24,2024-01-23,No
359,2023-12-25,2024-01-24,Sí
360,2023-12-26,2024-01-25,No
361,2023-12-27,2024-01-26,Sí
362,2023-12-28,2024-01-27,No
363,2023-12-29,2024-01-28,Sí
364,2023-12-30,2024-01-29,No
365,2023-12-31,2024-01-30,Sí
366,2024-01-01,2024-01-31,No
367,2024-01-02,2024-02-01,Sí
368,2024-01-03,2024-02-02,No
369,2024-01-04,2024-02-03,Sí
370,2024-01-05,2024-02-04,No
371,2024-01-06,2024-02-05,Sí
372,2024-01-07,2024-02-06,No
373,2024-01-08,2024-02-07,Sí
374,2024-01-09,2024-02-08,No
375,2024-01-10,2024-02-09,Sí
376,2024-01-11,2024-02-10,No
377,2024-01-12,2024-02-11,Sí
378,2024-01-13,2024-02-12,No
379,2024-01-14,2024-02-13,Sí
380,2024-01-15,2024-02-14,No
381,2024-01-16,2024-02-15,Sí
382,2024-01-17,2024-02-16,No
383,2024-01-18,2024-02-17,Sí
384,2024-01-19,2024-02-18,No
385,2024-01-20,2024-02-19,Sí
386,2024-01-21,2024-02-20,No
387,2024-01-22,2024-02-21,Sí
388,2024-01-23,2024-02-22,No
389,2024-01-24,2024-02-23,Sí
390,2024-01-25,2024-02-24,No
391,2024-01-26,2024-02-25,Sí
392,2024-01-27,2024-02-26,No
393,2024-01-28,2024-02-27,Sí
394,2024-01-29,2024-02-28,No
395,2024-01-30,2024-02-29,Sí
396,2024-01-31,2024-03-01,No
397,2024-02-01,2024-03-02,Sí
398,2024-02-02,2024-03-03,No
399,2024-02-03,2024-03-04,Sí
400,2024-02-04,2024-03-05,No
401,2024-02-05,2024-03-06,Sí
402,2024-02-06,2024-03-07,No
403,2024-02-07,2024-03-08,Sí
404,2024-02-08,2024-03-09,No
405,2024-02-09,2024-03-10,Sí
406,2024-02-10,2024-03-11,No
407,2024-02-11,2024-03-12,Sí
408,2024-02-12,2024-03-13,No
409,2024-02-13,2024-03-14,Sí
410,2024-02-14,2024-03-15,No
411,2024-02-15,2024-03-16,Sí
412,2024-02-16,2024-03-17,No
413,2024-02-17,2024-03-18,Sí
414,2024-02-18,2024-03-19,No
415,2024-02-19,2024-03-20,Sí
416,2024-02-20,2024-03-21,No
417,2024-02-21,2024-03-22,Sí
418,2024-02-22,2024-03-23,No
419,2024-02-23,2024-03-24,Sí
420,2024-02-24,2024-03-25,No
421,2024-02-25,2024-03-26,Sí
422,2024-02-26,2024-03-27,No
423,2024-02-27,2024-03-28,Sí
424,2024-02-28,2024-03-29,No
425,2024-02-29,2024-03-30,Sí
426,2024-03-01,2024-03-31,No
427,2024-03-02,2024-04-01,Sí
428,2024-03-03,2024-04-02,No
429,2024-03-04,2024-04-03,Sí
430,2024-03-05,2024-04-04,No
431,2024-03-06,2024-04-05,Sí
432,2024-03-07,2024-04-06,No
433,2024-03-08,2024-04-07,Sí
434,2024-03-09,2024-04-08,No
435,2024-03-10,2024-04-09,Sí
436,2024-03-11,2024-04-10,No
437,2024-03-12,2024-04-11,Sí
438,2024-03-13,2024-04-12,No
439,2024-03-14,2024-04-13,Sí
440,2024-03-15,2024-04-14,No
441,2024-03-16,2024-04-15,Sí
442,2024-03-17,2024-04-16,No
443,2024-03-18,2024-04-17,Sí
444,2024-03-19,2024-04-18,No
445,2024-03-20,2024-04-19,Sí
446,2024-03-21,2024-04-20,No
447,2024-03-22,2024-04-21,Sí
448,2024-03-23,2024-04-22,No
449,2024-03-24,2024-04-23,Sí
450,2024-03-25,2024-04-24,No
451,2024-03-26,2024-04-25,Sí
452,2024-03-27,2024-04-26,No
453,2024-03-28,2024-04-27,Sí
454,2024-03-29,2024-04-28,No
455,2024-03-30,2024-04-29,Sí
456,2024-03-31,2024-04-30,No
457,2024-04-01,2024-05-01,Sí
458,2024-04-02,2024-05-02,No
459,2024-04-03,2024-05-03,Sí
460,2024-04-04,2024-05-04,No
461,2024-04-05,2024-05-05,Sí
462,2024-04-06,2024-05-06,No
463,2024-04-07,2024-05-07,Sí
464,2024-04-08,2024-05-08,No
465,2024-04-09,2024-05-09,Sí
466,2024-04-10,2024-05-10,No
467,2024-04-11,2024-05-11,Sí
468,2024-04-12,2024-05-12,No
469,2024-04-13,2024-05-13,Sí
470,2024-04-14,2024-05-14,No
471,2024-04-15,2024-05-15,Sí
472,2024-04-16,2024-05-16,No
473,2024-04-17,2024-05-17,Sí
474,2024-04-18,2024-05-18,No
475,2024-04-19,2024-05-19,Sí
476,2024-04-20,2024-05-20,No
477,2024-04-21,2024-05-21,Sí
478,2024-04-22,2024-05-22,No
479,2024-04-23,2024-05-23,Sí
480,2024-04-24,2024-05-24,No
481,2024-04-25,2024-05-25,Sí
482,2024-04-26,2024-05-26,No
483,2024-04-27,2024-05-27,Sí
484,2024-04-28,2024-05-28,No
485,2024-04-29,2024-05-29,Sí
486,2024-04-30,2024-05-30,No
487,2024-05-01,2024-05-31,Sí
488,2024-05-02,2024-06-01,No
489,2024-05-03,2024-06-02,Sí
490,2024-05-04,2024-06-03,No
491,2024-05-05,2024-06-04,Sí
492,2024-05-06,2024-06-05,No
493,2024-05-07,2024-06-06,Sí
494,2024-05-08,2024-06-07,No
495,2024-05-09,2024-06-08,Sí
496,2024-05-10,2024-06-09,No
497,2024-05-11,2024-06-10,Sí
498,2024-05-12,2024-06-11,No
499,2024-05-13,2024-06-12,Sí
500,2024-05-14,2024-06-13,No
501,2024-05-15,2024-06-14,Sí
502,2024-05-16,2024-06-15,No
503,2024-05-17,2024-06-16,Sí
504,2024-05-18,2024-06-17,No
505,2024-05-19,2024-06-18,Sí
506,2024-05-20,2024-06-19,No
507,2024-05-21,2024-06-20,Sí
508,2024-05-22,2024-06-21,No
509,2024-05-23,2024-06-22,Sí
510,2024-05-24,2024-06-23,No
511,2024-05-25,2024-06-24,Sí
512,2024-05-26,2024-06-25,No
513,2024-05-27,2024-06-26,Sí
514,2024-05-28,2024-06-27,No
515,2024-05-29,2024-06-28,Sí
516,2024-05-30,2024-06-29,No
517,2024-05-31,2024-06-30,Sí
518,2024-06-01,2024-07-01,No
519,2024-06-02,2024-07-02,Sí
520,2024-06-03,2024-07-03,No
521,2024-06-04,2024-07-04,Sí
522,2024-06-05,2024-07-05,No
523,2024-06-06,2024-07-06,Sí
524,2024-06-07,2024-07-07,No
525,2024-06-08,2024-07-08,Sí
526,2024-06-09,2024-07-09,No
527,2024-06-10,2024-07-10,Sí
528,2024-06-11,2024-07-11,No
529,2024-06-12,2024-07-12,Sí
530,2024-06-13,2024-07-13,No
531,2024-06-14,2024-07-14,Sí
532,2024-06-15,2024-07-15,No
533,2024-06-16,2024-07-16,Sí
534,2024-06-17,2024-07-17,No
535,2024-06-18,2024-07-18,Sí
536,2024-06-19,2024-07-19,No
537,2024-06-20,2024-07-20,Sí
538,2024-06-21,2024-07-21,No
539,2024-06-22,2024-07-22,Sí
540,2024-06-23,2024-07-23,No
541,2024-06-24,2024-07-24,Sí
542,2024-06-25,2024-07-25,No
543,2024-06-26,2024-07-26,Sí
544,2024-06-27,2024-07-27,No
545,2024-06-28,2024-07-28,Sí
546,2024-06-29,2024-07-29,No
547,2024-06-30,2024-07-30,Sí
548,2024-07-01,2024-07-31,No
549,2024-07-02,2024-08-01,Sí
550,2024-07-03,2024-08-02,No
551,2024-07-04,2024-08-03,Sí
552,2024-07-05,2024-08-04,No
553,2024-07-06,2024-08-05,Sí
554,2024-07-07,2024-08-06,No
555,2024-07-08,2024-08-07,Sí
556,2024-07-09,2024-08-08,No
557,2024-07-10,2024-08-09,Sí
558,2024-07-11,2024-08-10,No
559,2024-07-12,2024-08-11,Sí
560,2024-07-13,2024-08-12,No
561,2024-07-14,2024-08-13,Sí
562,2024-07-15,2024-08-14,No
563,2024-07-16,2024-08-15,Sí
564,2024-07-17,2024-08-16,No
565,2024-07-18,2024-08-17,Sí
566,2024-07-19,2024-08-18,No
567,2024-07-20,2024-08-19,Sí
568,2024-07-21,2024-08-20,No
569,2024-07-22,2024-08-21,Sí
570,2024-07-23,2024-08-22,No
571,2024-07-24,2024-08-23,Sí
572,2024-07-25,2024-08-24,No
573,2024-07-26,2024-08-25,Sí
574,2024-07-27,2024-08-26,No
575,2024-07-28,2024-08-27,Sí
576,2024-07-29,2024-08-28,No
577,2024-07-30,2024-08-29,Sí
578,2024-07-31,2024-08-30,No
579,2024-08-01,2024-08-31,Sí
580,2024-08-02,2024-09-01,No
581,2024-08-03,2024-09-02,Sí
582,2024-08-04,2024-09-03,No
583,2024-08-05,2024-09-04,Sí
584,2024-08-06,2024-09-05,No
585,2024-08-07,2024-09-06,Sí
586,2024-08-08,2024-09-07,No
587,2024-08-09,2024-09-08,Sí
588,2024-08-10,2024-09-09,No
589,2024-08-11,2024-09-10,Sí
590,2024-08-12,2024-09-11,No
591,2024-08-13,2024-09-12,Sí
592,2024-08-14,2024-09-13,No
593,2024-08-15,2024-09-14,Sí
594,2024-08-16,2024-09-15,No
595,2024-08-17,2024-09-16,Sí
596,2024-08-18,2024-09-17,No
597,2024-08-19,2024-09-18,Sí
598,2024-08-20,2024-09-19,No
599,2024-08-21,2024-09-20,Sí
600,2024-08-22,2024-09-21,No
601,2024-08-23,2024-09-22,Sí
602,2024-08-24,2024-09-23,No
603,2024-08-25,2024-09-24,Sí
604,2024-08-26,2024-09-25,No
605,2024-08-27,2024-09-26,Sí
606,2024-08-28,2024-09-27,No
607,2024-08-29,2024-09-28,Sí
608,2024-08-30,2024-09-29,No
609,2024-08-31,2024-09-30,Sí
610,2024-09-01,2024-10-01,No
611,2024-09-02,2024-10-02,Sí
612,2024-09-03,2024-10-03,No
613,2024-09-04,2024-10-04,Sí
614,2024-09-05,2024-10-05,No
615,2024-09-06,2024-10-06,Sí
616,2024-09-07,2024-10-07,No
617,2024-09-08,2024-10-08,Sí
618,2024-09-09,2024-10-09,No
619,2024-09-10,2024-10-10,Sí
620,2024-09-11,2024-10-11,No
621,2024-09-12,2024-10-12,Sí
622,2024-09-13,2024-10-13,No
623,2024-09-14,2024-10-14,Sí
624,2024-09-15,2024-10-15,No
625,2024-09-16,2024-10-16,Sí
626,2024-09-17,2024-10-17,No
627,2024-09-18,2024-10-18,Sí
628,2024-09-19,2024-10-19,No
629,2024-09-20,2024-10-20,Sí
630,2024-09-21,2024-10-21,No
631,2024-09-22,2024-10-22,Sí
632,2024-09-23,2024-10-23,No
633,2024-09-24,2024-10-24,Sí
634,2024-09-25,2024-10-25,No
635,2024-09-26,2024-10-26,Sí
636,2024-09-27,2024-10-27,No
637,2024-09-28,2024-10-28,Sí
638,2024-09-29,2024-10-29,No
639,2024-09-30,2024-10-30,Sí
640,2024-10-01,2024-10-31,No
641,2024-10-02,2024-11-01,Sí
642,2024-10-03,2024-11-02,No
643,2024-10-04,2024-11-03,Sí
644,2024-10-05,2024-11-04,No
645,2024-10-06,2024-11-05,Sí
646,2024-10-07,2024-11-06,No
647,2024-10-08,2024-11-07,Sí
648,2024-10-09,2024-11-08,No
649,2024-10-10,2024-11-09,Sí
650,2024-10-11,2024-11-10,No
651,2024-10-12,2024-11-11,Sí
652,2024-10-13,2024-11-12,No
653,2024-10-14,2024-11-13,Sí
654,2024-10-15,2024-11-14,No
655,2024-10-16,2024-11-15,Sí
656,2024-10-17,2024-11-16,No
657,2024-10-18,2024-11-17,Sí
658,2024-10-19,2024-11-18,No
659,2024-10-20,2024-11-19,Sí
660,2024-10-21,2024-11-20,No
661,2024-10-22,2024-11-21,Sí
662,2024-10-23,2024-11-22,No
663,2024-10-24,2024-11-23,Sí
664,2024-10-25,2024-11-24,No
665,2024-10-26,2024-11-25,Sí
666,2024-10-27,2024-11-26,No
667,2024-10-28,2024-11-27,Sí
668,2024-10-29,2024-11-28,No
669,2024-10-30,2024-11-29,Sí
670,2024-10-31,2024-11-30,No
671,2024-11-01,2024-12-01,Sí
672,2024-11-02,2024-12-02,No
673,2024-11-03,2024-12-03,Sí
674,2024-11-04,2024-12-04,No
675,2024-11-05,2024-12-05,Sí
676,2024-11-06,2024-12-06,No
677,2024-11-07,2024-12-07,Sí
678,2024-11-08,2024-12-08,No
679,2024-11-09,2024-12-09,Sí
680,2024-11-10,2024-12-10,No
681,2024-11-11,2024-12-11,Sí
682,2024-11-12,2024-12-12,No
683,2024-11-13,2024-12-13,Sí
684,2024-11-14,2024-12-14,No
685,2024-11-15,2024-12-15,Sí
686,2024-11-16,2024-12-16,No
687,2024-11-17,2024-12-17,Sí
688,2024-11-18,2024-12-18,No
689,2024-11-19,2024-12-19,Sí
690,2024-11-20,2024-12-20,No
691,2024-11-21,2024-12-21,Sí
692,2024-11-22,2024-12-22,No
693,2024-11-23,2024-12-23,Sí
694,2024-11-24,2024-12-24,No
695,2024-11-25,2024-12-25,Sí
696,2024-11-26,2024-12-26,No
697,2024-11-27,2024-12-27,Sí
698,2024-11-28,2024-12-28,No
699,2024-11-29,2024-12-29,Sí
700,2024-11-30,2024-12-30,No
701,2024-12-01,2024-12-31,Sí
702,2024-12-02,2025-01-01,No
703,2024-12-03,2025-01-02,Sí
704,2024-12-04,2025-01-03,No
705,2024-12-05,2025-01-04,Sí
706,2024-12-06,2025-01-05,No
707,2024-12-07,2025-01-06,Sí
708,2024-12-08,2025-01-07,No
709,2024-12-09,2025-01-08,Sí
710,2024-12-10,2025-01-09,No
711,2024-12-11,2025-01-10,Sí
712,2024-12-12,2025-01-11,No
713,2024-12-13,2025-01-12,Sí
714,2024-12-14,2025-01-13,No
715,2024-12-15,2025-01-14,Sí
716,2024-12-16,2025-01-15,No
717,2024-12-17,2025-01-16,Sí
718,2024-12-18,2025-01-17,No
719,2024-12-19,2025-01-18,Sí
720,2024-12-20,2025-01-19,No
721,2024-12-21,2025-01-20,Sí
722,2024-12-22,2025-01-21,No
723,2024-12-23,2025-01-22,Sí
724,2024-12-24,2025-01-23,No
725,2024-12-25,2025-01-24,Sí
726,2024-12-26,2025-01-25,No
727,2024-12-27,2025-01-26,Sí
728,2024-12-28,2025-01-27,No
729,2024-12-29,2025-01-28,Sí
730,2024-12-30,2025-01-29,No
731,2024-12-31,2025-01-30,Sí
732,2025-01-01,2025-01-31,No
733,2025-01-02,2025-02-01,Sí
734,2025-01-03,2025-02-02,No
735,2025-01-04,2025-02-03,Sí
736,2025-01-05,2025-02-04,No
737,2025-01-06,2025-02-05,Sí
738,2025-01-07,2025-02-06,No
739,2025-01-08,2025-02-07,Sí
740,2025-01-09,2025-02-08,No
741,2025-01-10,2025-02-09,Sí
742,2025-01-11,2025-02-10,No
743,2025-01-12,2025-02-11,Sí
744,2025-01-13,2025-02-12,No
745,2025-01-14,2025-02-13,Sí
746,2025-01-15,2025-02-14,No
747,2025-01-16,2025-02-15,Sí
748,2025-01-17,2025-02-16,No
749,2025-01-18,2025-02-17,Sí
750,2025-01-19,2025-02-18,No
751,2025-01-20,2025-02-19,Sí
752,2025-01-21,2025-02-20,No
753,2025-01-22,2025-02-21,Sí
754,2025-01-23,2025-02-22,No
755,2025-01-24,2025-02-23,Sí
756,2025-01-25,2025-02-24,No
757,2025-01-26,2025-02-25,Sí
758,2025-01-27,2025-02-26,No
759,2025-01-28,2025-02-27,Sí
760,2025-01-29,2025-02-28,No
761,2025-01-30,2025-03-01,Sí
762,2025-01-31,2025-03-02,No
763,2025-02-01,2025-03-03,Sí
764,2025-02-02,2025-03-04,No
765,2025-02-03,2025-03-05,Sí
766,2025-02-04,2025-03-06,No
767,2025-02-05,2025-03-07,Sí
768,2025-02-06,2025-03-08,No
769,2025-02-07,2025-03-09,Sí
770,2025-02-08,2025-03-10,No
771,2025-02-09,2025-03-11,Sí
772,2025-02-10,2025-03-12,No
773,2025-02-11,2025-03-13,Sí
774,2025-02-12,2025-03-14,No
775,2025-02-13,2025-03-15,Sí
776,2025-02-14,2025-03-16,No
777,2025-02-15,2025-03-17,Sí
778,2025-02-16,2025-03-18,No
779,2025-02-17,2025-03-19,Sí
780,2025-02-18,2025-03-20,No
781,2025-02-19,2025-03-21,Sí
782,2025-02-20,2025-03-22,No
783,2025-02-21,2025-03-23,Sí
784,2025-02-22,2025-03-24,No
785,2025-02-23,2025-03-25,Sí
786,2025-02-24,2025-03-26,No
787,2025-02-25,2025-03-27,Sí
788,2025-02-26,2025-03-28,No
789,2025-02-27,2025-03-29,Sí
790,2025-02-28,2025-03-30,No
791,2025-03-01,2025-03-31,Sí
792,2025-03-02,2025-04-01,No
793,2025-03-03,2025-04-02,Sí
794,2025-03-04,2025-04-03,No
795,2025-03-05,2025-04-04,Sí
796,2025-03-06,2025-04-05,No
797,2025-03-07,2025-04-06,Sí
798,2025-03-08,2025-04-07,No
799,2025-03-09,2025-04-08,Sí
800,2025-03-10,2025-04-09,No
801,2025-03-11,2025-04-10,Sí
802,2025-03-12,2025-04-11,No
803,2025-03-13,2025-04-12,Sí
804,2025-03-14,2025-04-13,No
805,2025-03-15,2025-04-14,Sí
806,2025-03-16,2025-04-15,No
807,2025-03-17,2025-04-16,Sí
808,2025-03-18,2025-04-17,No
809,2025-03-19,2025-04-18,Sí
810,2025-03-20,2025-04-19,No
811,2025-03-21,2025-04-20,Sí
812,2025-03-22,2025-04-21,No
813,2025-03-23,2025-04-22,Sí
814,2025-03-24,2025-04-23,No
815,2025-03-25,2025-04-24,Sí
816,2025-03-26,2025-04-25,No
817,2025-03-27,2025-04-26,Sí
818,2025-03-28,2025-04-27,No
819,2025-03-29,2025-04-28,Sí
820,2025-03-30,2025-04-29,No
821,2025-03-31,2025-04-30,Sí
822,2025-04-01,2025-05-01,No
823,2025-04-02,2025-05-02,Sí
824,2025-04-03,2025-05-03,No
825,2025-04-04,2025-05-04,Sí
826,2025-04-05,2025-05-05,No
827,2025-04-06,2025-05-06,Sí
828,2025-04-07,2025-05-07,No
829,2025-04-08,2025-05-08,Sí
830,2025-04-09,2025-05-09,No
831,2025-04-10,2025-05-10,Sí
832,2025-04-11,2025-05-11,No
833,2025-04-12,2025-05-12,Sí
834,2025-04-13,2025-05-13,No
835,2025-04-14,2025-05-14,Sí
836,2025-04-15,2025-05-15,No
837,2025-04-16,2025-05-16,Sí
838,2025-04-17,2025-05-17,No
839,2025-04-18,2025-05-18,Sí
840,2025-04-19,2025-05-19,No
841,2025-04-20,2025-05-20,Sí
842,2025-04-21,2025-05-21,No
843,2025-04-22,2025-05-22,Sí
844,2025-04-23,2025-05-23,No
845,2025-04-24,2025-05-24,Sí
846,2025-04-25,2025-05-25,No
847,2025-04-26,2025-05-26,Sí
848,2025-04-27,2025-05-27,No
849,2025-04-28,2025-05-28,Sí
850,2025-04-29,2025-05-29,No
851,2025-04-30,2025-05-30,Sí
852,2025-05-01,2025-05-31,No
853,2025-05-02,2025-06-01,Sí
854,2025-05-03,2025-06-02,No
855,2025-05-04,2025-06-03,Sí
856,2025-05-05,2025-06-04,No
857,2025-05-06,2025-06-05,Sí
858,2025-05-07,2025-06-06,No
859,2025-05-08,2025-06-07,Sí
860,2025-05-09,2025-06-08,No
861,2025-05-10,2025-06-09,Sí
862,2025-05-11,2025-06-10,No
863,2025-05-12,2025-06-11,Sí
864,2025-05-13,2025-06-12,No
865,2025-05-14,2025-06-13,Sí
866,2025-05-15,2025-06-14,No
867,2025-05-16,2025-06-15,Sí
868,2025-05-17,2025-06-16,No
869,2025-05-18,2025-06-17,Sí
870,2025-05-19,2025-06-18,No
871,2025-05-20,2025-06-19,Sí
872,2025-05-21,2025-06-20,No
873,2025-05-22,2025-06-21,Sí
874,2025-05-23,2025-06-22,No
875,2025-05-24,2025-06-23,Sí
876,2025-05-25,2025-06-24,No
877,2025-05-26,2025-06-25,Sí
878,2025-05-27,2025-06-26,No
879,2025-05-28,2025-06-27,Sí
880,2025-05-29,2025-06-28,No
881,2025-05-30,2025-06-29,Sí
882,2025-05-31,2025-06-30,No
883,2025-06-01,2025-07-01,Sí
884,2025-06-02,2025-07-02,No
885,2025-06-03,2025-07-03,Sí
886,2025-06-04,2025-07-04,No
887,2025-06-05,2025-07-05,Sí
888,2025-06-06,2025-07-06,No
889,2025-06-07,2025-07-07,Sí
890,2025-06-08,2025-07-08,No
891,2025-06-09,2025-07-09,Sí
892,2025-06-10,2025-07-10,No
893,2025-06-11,2025-07-11,Sí
894,2025-06-12,2025-07-12,No
895,2025-06-13,2025-07-13,Sí
896,2025-06-14,2025-07-14,No
897,2025-06-15,2025-07-15,Sí
898,2025-06-16,2025-07-16,No
899,2025-06-17,2025-07-17,Sí
900,2025-06-18,2025-07-18,No
901,2025-06-19,2025-07-19,Sí
902,2025-06-20,2025-07-20,No
903,2025-06-21,2025-07-21,Sí
904,2025-06-22,2025-07-22,No
905,2025-06-23,2025-07-23,Sí
906,2025-06-24,2025-07-24,No
907,2025-06-25,2025-07-25,Sí
908,2025-06-26,2025-07-26,No
909,2025-06-27,2025-07-27,Sí
910,2025-06-28,2025-07-28,No
911,2025-06-29,2025-07-29,Sí
912,2025-06-30,2025-07-30,No
913,2025-07-01,2025-07-31,Sí
914,2025-07-02,2025-08-01,No
915,2025-07-03,2025-08-02,Sí
916,2025-07-04,2025-08-03,No
917,2025-07-05,2025-08-04,Sí
918,2025-07-06,2025-08-05,No
919,2025-07-07,2025-08-06,Sí
920,2025-07-08,2025-08-07,No
921,2025-07-09,2025-08-08,Sí
922,2025-07-10,2025-08-09,No
923,2025-07-11,2025-08-10,Sí
924,2025-07-12,2025-08-11,No
925,2025-07-13,2025-08-12,Sí
926,2025-07-14,2025-08-13,No
927,2025-07-15,2025-08-14,Sí
928,2025-07-16,2025-08-15,No
929,2025-07-17,2025-08-16,Sí
930,2025-07-18,2025-08-17,No
931,2025-07-19,2025-08-18,Sí
932,2025-07-20,2025-08-19,No
933,2025-07-21,2025-08-20,Sí
934,2025-07-22,2025-08-21,No
935,2025-07-23,2025-08-22,Sí
936,2025-07-24,2025-08-23,No
937,2025-07-25,2025-08-24,Sí
938,2025-07-26,2025-08-25,No
939,2025-07-27,2025-08-26,Sí
940,2025-07-28,2025-08-27,No
941,2025-07-29,2025-08-28,Sí
942,2025-07-30,2025-08-29,No
943,2025-07-31,2025-08-30,Sí
944,2025-08-01,2025-08-31,No
945,2025-08-02,2025-09-01,Sí
946,2025-08-03,2025-09-02,No
947,2025-08-04,2025-09-03,Sí
948,2025-08-05,2025-09-04,No
949,2025-08-06,2025-09-05,Sí
950,2025-08-07,2025-09-06,No
951,2025-08-08,2025-09-07,Sí
952,2025-08-09,2025-09-08,No
953,2025-08-10,2025-09-09,Sí
954,2025-08-11,2025-09-10,No
955,2025-08-12,2025-09-11,Sí
956,2025-08-13,2025-09-12,No
957,2025-08-14,2025-09-13,Sí
958,2025-08-15,2025-09-14,No
959,2025-08-16,2025-09-15,Sí
960,2025-08-17,2025-09-16,No
961,2025-08-18,2025-09-17,Sí
962,2025-08-19,2025-09-18,No
963,2025-08-20,2025-09-19,Sí
964,2025-08-21,2025-09-20,No
965,2025-08-22,2025-09-21,Sí
966,2025-08-23,2025-09-22,No
967,2025-08-24,2025-09-23,Sí
968,2025-08-25,2025-09-24,No
969,2025-08-26,2025-09-25,Sí
970,2025-08-27,2025-09-26,No
971,2025-08-28,2025-09-27,Sí
972,2025-08-29,2025-09-28,No
973,2025-08-30,2025-09-29,Sí
974,2025-08-31,2025-09-30,No
975,2025-09-01,2025-10-01,Sí
976,2025-09-02,2025-10-02,No
977,2025-09-03,2025-10-03,Sí
978,2025-09-04,2025-10-04,No
979,2025-09-05,2025-10-05,Sí
980,2025-09-06,2025-10-06,No
981,2025-09-07,2025-10-07,Sí
982,2025-09-08,2025-10-08,No
983,2025-09-09,2025-10-09,Sí
984,2025-09-10,2025-10-10,No
985,2025-09-11,2025-10-11,Sí
986,2025-09-12,2025-10-12,No
987,2025-09-13,2025-10-13,Sí
988,2025-09-14,2025-10-14,No
989,2025-09-15,2025-10-15,Sí
990,2025-09-16,2025-10-16,No
991,2025-09-17,2025-10-17,Sí
992,2025-09-18,2025-10-18,No
993,2025-09-19,2025-10-19,Sí
994,2025-09-20,2025-10-20,No
995,2025-09-21,2025-10-21,Sí
996,2025-09-22,2025-10-22,No
997,2025-09-23,2025-10-23,Sí
998,2025-09-24,2025-10-24,No
999,2025-09-25,2025-10-25,Sí
1000,2025-09-26,2025-10-26,No
